wiki,date,timestamp
13137,2015-07-01,1435723200
9938,2015-07-02,1435809600
8498,2015-07-03,1435896000
9113,2015-07-04,1435982400
8908,2015-07-05,1436068800
10456,2015-07-06,1436155200
11392,2015-07-07,1436241600
11294,2015-07-08,1436328000
9808,2015-07-09,1436414400
8478,2015-07-10,1436500800
7097,2015-07-11,1436587200
7439,2015-07-12,1436673600
9053,2015-07-13,1436760000
7900,2015-07-14,1436846400
7585,2015-07-15,1436932800
7822,2015-07-16,1437019200
7264,2015-07-17,1437105600
6343,2015-07-18,1437192000
9256,2015-07-19,1437278400
8946,2015-07-20,1437364800
8595,2015-07-21,1437451200
8892,2015-07-22,1437537600
9449,2015-07-23,1437624000
7952,2015-07-24,1437710400
7283,2015-07-25,1437796800
8473,2015-07-26,1437883200
9626,2015-07-27,1437969600
9436,2015-07-28,1438056000
9063,2015-07-29,1438142400
8548,2015-07-30,1438228800
7220,2015-07-31,1438315200
19280,2015-08-01,1438401600
13539,2015-08-02,1438488000
10351,2015-08-03,1438574400
8943,2015-08-04,1438660800
8469,2015-08-05,1438747200
8066,2015-08-06,1438833600
7942,2015-08-07,1438920000
6901,2015-08-08,1439006400
6832,2015-08-09,1439092800
7794,2015-08-10,1439179200
8070,2015-08-11,1439265600
8389,2015-08-12,1439352000
9769,2015-08-13,1439438400
7322,2015-08-14,1439524800
6422,2015-08-15,1439611200
6640,2015-08-16,1439697600
7683,2015-08-17,1439784000
11541,2015-08-18,1439870400
11921,2015-08-19,1439956800
10579,2015-08-20,1440043200
9664,2015-08-21,1440129600
7673,2015-08-22,1440216000
9181,2015-08-23,1440302400
11678,2015-08-24,1440388800
9808,2015-08-25,1440475200
10923,2015-08-26,1440561600
8496,2015-08-27,1440648000
7543,2015-08-28,1440734400
8285,2015-08-29,1440820800
9485,2015-08-30,1440907200
8902,2015-08-31,1440993600
9625,2015-09-01,1441080000
8586,2015-09-02,1441166400
8147,2015-09-03,1441252800
7057,2015-09-04,1441339200
6023,2015-09-05,1441425600
6399,2015-09-06,1441512000
7505,2015-09-07,1441598400
8553,2015-09-08,1441684800
8275,2015-09-09,1441771200
8385,2015-09-10,1441857600
8024,2015-09-11,1441944000
6968,2015-09-12,1442030400
7008,2015-09-13,1442116800
10119,2015-09-14,1442203200
9090,2015-09-15,1442289600
8800,2015-09-16,1442376000
9018,2015-09-17,1442462400
9788,2015-09-18,1442548800
7558,2015-09-19,1442635200
7368,2015-09-20,1442721600
8936,2015-09-21,1442808000
10027,2015-09-22,1442894400
41177,2015-09-23,1442980800
8707,2015-09-24,1443067200
10171,2015-09-25,1443153600
7046,2015-09-26,1443240000
7292,2015-09-27,1443326400
8213,2015-09-28,1443412800
8418,2015-09-29,1443499200
8602,2015-09-30,1443585600
7942,2015-10-01,1443672000
7540,2015-10-02,1443758400
6772,2015-10-03,1443844800
7565,2015-10-04,1443931200
8901,2015-10-05,1444017600
11515,2015-10-06,1444104000
9937,2015-10-07,1444190400
8930,2015-10-08,1444276800
8510,2015-10-09,1444363200
7433,2015-10-10,1444449600
7692,2015-10-11,1444536000
8895,2015-10-12,1444622400
8719,2015-10-13,1444708800
10092,2015-10-14,1444795200
8397,2015-10-15,1444881600
7882,2015-10-16,1444968000
6919,2015-10-17,1445054400
7189,2015-10-18,1445140800
9286,2015-10-19,1445227200
9618,2015-10-20,1445313600
9091,2015-10-21,1445400000
9548,2015-10-22,1445486400
8964,2015-10-23,1445572800
7211,2015-10-24,1445659200
8115,2015-10-25,1445745600
9774,2015-10-26,1445832000
10467,2015-10-27,1445918400
10815,2015-10-28,1446004800
11065,2015-10-29,1446091200
10597,2015-10-30,1446177600
7868,2015-10-31,1446264000
9414,2015-11-01,1446350400
10937,2015-11-02,1446440400
12552,2015-11-03,1446526800
15437,2015-11-04,1446613200
17375,2015-11-05,1446699600
12389,2015-11-06,1446786000
9095,2015-11-07,1446872400
9944,2015-11-08,1446958800
12995,2015-11-09,1447045200
11800,2015-11-10,1447131600
9867,2015-11-11,1447218000
10723,2015-11-12,1447304400
10063,2015-11-13,1447390800
7329,2015-11-14,1447477200
8089,2015-11-15,1447563600
9350,2015-11-16,1447650000
10446,2015-11-17,1447736400
9931,2015-11-18,1447822800
9356,2015-11-19,1447909200
9095,2015-11-20,1447995600
7921,2015-11-21,1448082000
7864,2015-11-22,1448168400
8695,2015-11-23,1448254800
8071,2015-11-24,1448341200
7602,2015-11-25,1448427600
9906,2015-11-26,1448514000
7525,2015-11-27,1448600400
6900,2015-11-28,1448686800
7443,2015-11-29,1448773200
9707,2015-11-30,1448859600
9924,2015-12-01,1448946000
9334,2015-12-02,1449032400
9198,2015-12-03,1449118800
9648,2015-12-04,1449205200
8269,2015-12-05,1449291600
7899,2015-12-06,1449378000
9360,2015-12-07,1449464400
15663,2015-12-08,1449550800
64048,2015-12-09,1449637200
29548,2015-12-10,1449723600
15773,2015-12-11,1449810000
10766,2015-12-12,1449896400
10543,2015-12-13,1449982800
11447,2015-12-14,1450069200
13976,2015-12-15,1450155600
13004,2015-12-16,1450242000
10635,2015-12-17,1450328400
9153,2015-12-18,1450414800
8192,2015-12-19,1450501200
8274,2015-12-20,1450587600
9755,2015-12-21,1450674000
8825,2015-12-22,1450760400
9040,2015-12-23,1450846800
7909,2015-12-24,1450933200
6960,2015-12-25,1451019600
9192,2015-12-26,1451106000
14084,2015-12-27,1451192400
10191,2015-12-28,1451278800
10041,2015-12-29,1451365200
9006,2015-12-30,1451451600
7727,2015-12-31,1451538000
6917,2016-01-01,1451624400
8377,2016-01-02,1451710800
10766,2016-01-03,1451797200
10785,2016-01-04,1451883600
10522,2016-01-05,1451970000
9285,2016-01-06,1452056400
10956,2016-01-07,1452142800
9452,2016-01-08,1452229200
7980,2016-01-09,1452315600
8171,2016-01-10,1452402000
9588,2016-01-11,1452488400
8934,2016-01-12,1452574800
8913,2016-01-13,1452661200
8931,2016-01-14,1452747600
10703,2016-01-15,1452834000
10065,2016-01-16,1452920400
10603,2016-01-17,1453006800
11649,2016-01-18,1453093200
10967,2016-01-19,1453179600
10033,2016-01-20,1453266000
10319,2016-01-21,1453352400
9526,2016-01-22,1453438800
7271,2016-01-23,1453525200
8098,2016-01-24,1453611600
9522,2016-01-25,1453698000
9169,2016-01-26,1453784400
10703,2016-01-27,1453870800
11258,2016-01-28,1453957200
10328,2016-01-29,1454043600
7571,2016-01-30,1454130000
7165,2016-01-31,1454216400
8640,2016-02-01,1454302800
9008,2016-02-02,1454389200
8621,2016-02-03,1454475600
8881,2016-02-04,1454562000
7503,2016-02-05,1454648400
6998,2016-02-06,1454734800
7706,2016-02-07,1454821200
8250,2016-02-08,1454907600
8654,2016-02-09,1454994000
8749,2016-02-10,1455080400
8899,2016-02-11,1455166800
8609,2016-02-12,1455253200
7796,2016-02-13,1455339600
9550,2016-02-14,1455426000
11809,2016-02-15,1455512400
12099,2016-02-16,1455598800
11718,2016-02-17,1455685200
22422,2016-02-18,1455771600
16070,2016-02-19,1455858000
11918,2016-02-20,1455944400
11716,2016-02-21,1456030800
11513,2016-02-22,1456117200
10863,2016-02-23,1456203600
10723,2016-02-24,1456290000
11566,2016-02-25,1456376400
8885,2016-02-26,1456462800
8268,2016-02-27,1456549200
7831,2016-02-28,1456635600
9651,2016-02-29,1456722000
10153,2016-03-01,1456808400
9459,2016-03-02,1456894800
10031,2016-03-03,1456981200
8543,2016-03-04,1457067600
7679,2016-03-05,1457154000
8557,2016-03-06,1457240400
10637,2016-03-07,1457326800
10109,2016-03-08,1457413200
9119,2016-03-09,1457499600
8640,2016-03-10,1457586000
8023,2016-03-11,1457672400
6626,2016-03-12,1457758800
9435,2016-03-13,1457845200
10794,2016-03-14,1457928000
10409,2016-03-15,1458014400
9168,2016-03-16,1458100800
8368,2016-03-17,1458187200
7623,2016-03-18,1458273600
6247,2016-03-19,1458360000
7103,2016-03-20,1458446400
8780,2016-03-21,1458532800
9147,2016-03-22,1458619200
8634,2016-03-23,1458705600
9154,2016-03-24,1458792000
7603,2016-03-25,1458878400
6543,2016-03-26,1458964800
7363,2016-03-27,1459051200
8920,2016-03-28,1459137600
9056,2016-03-29,1459224000
8738,2016-03-30,1459310400
8747,2016-03-31,1459396800
7796,2016-04-01,1459483200
7048,2016-04-02,1459569600
7701,2016-04-03,1459656000
8945,2016-04-04,1459742400
10338,2016-04-05,1459828800
8844,2016-04-06,1459915200
8596,2016-04-07,1460001600
9075,2016-04-08,1460088000
6639,2016-04-09,1460174400
7263,2016-04-10,1460260800
9580,2016-04-11,1460347200
9069,2016-04-12,1460433600
9421,2016-04-13,1460520000
9188,2016-04-14,1460606400
8044,2016-04-15,1460692800
6127,2016-04-16,1460779200
6649,2016-04-17,1460865600
8199,2016-04-18,1460952000
9412,2016-04-19,1461038400
8777,2016-04-20,1461124800
11743,2016-04-21,1461211200
12084,2016-04-22,1461297600
7659,2016-04-23,1461384000
8797,2016-04-24,1461470400
9546,2016-04-25,1461556800
9756,2016-04-26,1461643200
9176,2016-04-27,1461729600
9900,2016-04-28,1461816000
8072,2016-04-29,1461902400
6586,2016-04-30,1461988800
7025,2016-05-01,1462075200
89547,2016-05-02,1462161600
45695,2016-05-03,1462248000
20558,2016-05-04,1462334400
25888,2016-05-05,1462420800
17502,2016-05-06,1462507200
11558,2016-05-07,1462593600
11613,2016-05-08,1462680000
13848,2016-05-09,1462766400
12811,2016-05-10,1462852800
16721,2016-05-11,1462939200
17175,2016-05-12,1463025600
9961,2016-05-13,1463112000
12427,2016-05-14,1463198400
12559,2016-05-15,1463284800
12247,2016-05-16,1463371200
9303,2016-05-17,1463457600
10261,2016-05-18,1463544000
12704,2016-05-19,1463630400
8809,2016-05-20,1463716800
7079,2016-05-21,1463803200
7734,2016-05-22,1463889600
9439,2016-05-23,1463976000
9745,2016-05-24,1464062400
8550,2016-05-25,1464148800
8559,2016-05-26,1464235200
8700,2016-05-27,1464321600
8140,2016-05-28,1464408000
7925,2016-05-29,1464494400
13545,2016-05-30,1464580800
14649,2016-05-31,1464667200
11593,2016-06-01,1464753600
9992,2016-06-02,1464840000
10522,2016-06-03,1464926400
8427,2016-06-04,1465012800
11645,2016-06-05,1465099200
10709,2016-06-06,1465185600
10221,2016-06-07,1465272000
9873,2016-06-08,1465358400
9686,2016-06-09,1465444800
8862,2016-06-10,1465531200
8235,2016-06-11,1465617600
9122,2016-06-12,1465704000
12812,2016-06-13,1465790400
11225,2016-06-14,1465876800
10453,2016-06-15,1465963200
11705,2016-06-16,1466049600
11213,2016-06-17,1466136000
9926,2016-06-18,1466222400
10583,2016-06-19,1466308800
12237,2016-06-20,1466395200
12419,2016-06-21,1466481600
10637,2016-06-22,1466568000
10576,2016-06-23,1466654400
19485,2016-06-24,1466740800
13130,2016-06-25,1466827200
8771,2016-06-26,1466913600
12055,2016-06-27,1467000000
10439,2016-06-28,1467086400
11503,2016-06-29,1467172800
10351,2016-06-30,1467259200
9122,2016-07-01,1467345600
8167,2016-07-02,1467432000
9208,2016-07-03,1467518400
9719,2016-07-04,1467604800
9776,2016-07-05,1467691200
9550,2016-07-06,1467777600
9990,2016-07-07,1467864000
9093,2016-07-08,1467950400
9336,2016-07-09,1468036800
10963,2016-07-10,1468123200
10808,2016-07-11,1468209600
10526,2016-07-12,1468296000
10617,2016-07-13,1468382400
9455,2016-07-14,1468468800
9026,2016-07-15,1468555200
7465,2016-07-16,1468641600
8469,2016-07-17,1468728000
9265,2016-07-18,1468814400
8594,2016-07-19,1468900800
8706,2016-07-20,1468987200
8963,2016-07-21,1469073600
11080,2016-07-22,1469160000
7503,2016-07-23,1469246400
7720,2016-07-24,1469332800
9705,2016-07-25,1469419200
11232,2016-07-26,1469505600
11588,2016-07-27,1469592000
9608,2016-07-28,1469678400
8636,2016-07-29,1469764800
7977,2016-07-30,1469851200
68744,2016-07-31,1469937600
8979,2016-08-01,1470024000
10183,2016-08-02,1470110400
20889,2016-08-03,1470196800
13756,2016-08-04,1470283200
10113,2016-08-05,1470369600
8210,2016-08-06,1470456000
14426,2016-08-07,1470542400
12667,2016-08-08,1470628800
11998,2016-08-09,1470715200
11393,2016-08-10,1470801600
8702,2016-08-11,1470888000
8200,2016-08-12,1470974400
8243,2016-08-13,1471060800
7195,2016-08-14,1471147200
8361,2016-08-15,1471233600
8803,2016-08-16,1471320000
9089,2016-08-17,1471406400
10421,2016-08-18,1471492800
9974,2016-08-19,1471579200
7154,2016-08-20,1471665600
7602,2016-08-21,1471752000
8703,2016-08-22,1471838400
9225,2016-08-23,1471924800
9528,2016-08-24,1472011200
9988,2016-08-25,1472097600
9715,2016-08-26,1472184000
7708,2016-08-27,1472270400
8009,2016-08-28,1472356800
9769,2016-08-29,1472443200
9014,2016-08-30,1472529600
9761,2016-08-31,1472616000
9460,2016-09-01,1472702400
8399,2016-09-02,1472788800
7929,2016-09-03,1472875200
8230,2016-09-04,1472961600
9341,2016-09-05,1473048000
9693,2016-09-06,1473134400
9797,2016-09-07,1473220800
10260,2016-09-08,1473307200
9458,2016-09-09,1473393600
8414,2016-09-10,1473480000
8128,2016-09-11,1473566400
12303,2016-09-12,1473652800
11330,2016-09-13,1473739200
10731,2016-09-14,1473825600
11608,2016-09-15,1473912000
11372,2016-09-16,1473998400
10602,2016-09-17,1474084800
9720,2016-09-18,1474171200
10176,2016-09-19,1474257600
10303,2016-09-20,1474344000
9507,2016-09-21,1474430400
10163,2016-09-22,1474516800
8433,2016-09-23,1474603200
9133,2016-09-24,1474689600
7924,2016-09-25,1474776000
9918,2016-09-26,1474862400
8864,2016-09-27,1474948800
10660,2016-09-28,1475035200
8419,2016-09-29,1475121600
8792,2016-09-30,1475208000
8601,2016-10-01,1475294400
8041,2016-10-02,1475380800
8909,2016-10-03,1475467200
9753,2016-10-04,1475553600
9800,2016-10-05,1475640000
9020,2016-10-06,1475726400
9804,2016-10-07,1475812800
7514,2016-10-08,1475899200
7420,2016-10-09,1475985600
8394,2016-10-10,1476072000
10270,2016-10-11,1476158400
10622,2016-10-12,1476244800
9291,2016-10-13,1476331200
8857,2016-10-14,1476417600
7244,2016-10-15,1476504000
7685,2016-10-16,1476590400
9412,2016-10-17,1476676800
9423,2016-10-18,1476763200
9258,2016-10-19,1476849600
8366,2016-10-20,1476936000
10798,2016-10-21,1477022400
7065,2016-10-22,1477108800
8432,2016-10-23,1477195200
9283,2016-10-24,1477281600
10462,2016-10-25,1477368000
9056,2016-10-26,1477454400
9040,2016-10-27,1477540800
14851,2016-10-28,1477627200
11299,2016-10-29,1477713600
9047,2016-10-30,1477800000
12396,2016-10-31,1477886400
10585,2016-11-01,1477972800
10692,2016-11-02,1478059200
10154,2016-11-03,1478145600
9423,2016-11-04,1478232000
12504,2016-11-05,1478318400
11283,2016-11-06,1478404800
12161,2016-11-07,1478494800
12423,2016-11-08,1478581200
13461,2016-11-09,1478667600
11984,2016-11-10,1478754000
10447,2016-11-11,1478840400
9303,2016-11-12,1478926800
10029,2016-11-13,1479013200
23393,2016-11-14,1479099600
15372,2016-11-15,1479186000
16299,2016-11-16,1479272400
15529,2016-11-17,1479358800
18708,2016-11-18,1479445200
12925,2016-11-19,1479531600
16554,2016-11-20,1479618000
14835,2016-11-21,1479704400
16363,2016-11-22,1479790800
18741,2016-11-23,1479877200
16980,2016-11-24,1479963600
13992,2016-11-25,1480050000
13654,2016-11-26,1480136400
14972,2016-11-27,1480222800
17343,2016-11-28,1480309200
16634,2016-11-29,1480395600
12276,2016-11-30,1480482000
11267,2016-12-01,1480568400
11793,2016-12-02,1480654800
8992,2016-12-03,1480741200
9628,2016-12-04,1480827600
10874,2016-12-05,1480914000
11956,2016-12-06,1481000400
11293,2016-12-07,1481086800
11414,2016-12-08,1481173200
10046,2016-12-09,1481259600
9888,2016-12-10,1481346000
9427,2016-12-11,1481432400
10852,2016-12-12,1481518800
12285,2016-12-13,1481605200
11821,2016-12-14,1481691600
11320,2016-12-15,1481778000
10845,2016-12-16,1481864400
9297,2016-12-17,1481950800
9699,2016-12-18,1482037200
12177,2016-12-19,1482123600
12132,2016-12-20,1482210000
12697,2016-12-21,1482296400
13775,2016-12-22,1482382800
14558,2016-12-23,1482469200
11923,2016-12-24,1482555600
11176,2016-12-25,1482642000
12673,2016-12-26,1482728400
13726,2016-12-27,1482814800
14616,2016-12-28,1482901200
16200,2016-12-29,1482987600
16672,2016-12-30,1483074000
10684,2016-12-31,1483160400
9846,2017-01-01,1483246800
23985,2017-01-02,1483333200
25709,2017-01-03,1483419600
22725,2017-01-04,1483506000
26351,2017-01-05,1483592400
22525,2017-01-06,1483678800
17749,2017-01-07,1483765200
16913,2017-01-08,1483851600
18233,2017-01-09,1483938000
16730,2017-01-10,1484024400
18651,2017-01-11,1484110800
18712,2017-01-12,1484197200
17254,2017-01-13,1484283600
15833,2017-01-14,1484370000
12651,2017-01-15,1484456400
14216,2017-01-16,1484542800
16662,2017-01-17,1484629200
15178,2017-01-18,1484715600
14975,2017-01-19,1484802000
12817,2017-01-20,1484888400
10731,2017-01-21,1484974800
11369,2017-01-22,1485061200
14673,2017-01-23,1485147600
13616,2017-01-24,1485234000
12378,2017-01-25,1485320400
12201,2017-01-26,1485406800
12412,2017-01-27,1485493200
12904,2017-01-28,1485579600
11994,2017-01-29,1485666000
14511,2017-01-30,1485752400
13611,2017-01-31,1485838800
13679,2017-02-01,1485925200
13870,2017-02-02,1486011600
13224,2017-02-03,1486098000
11505,2017-02-04,1486184400
12400,2017-02-05,1486270800
13523,2017-02-06,1486357200
13918,2017-02-07,1486443600
13609,2017-02-08,1486530000
14071,2017-02-09,1486616400
12594,2017-02-10,1486702800
10298,2017-02-11,1486789200
11270,2017-02-12,1486875600
12817,2017-02-13,1486962000
12009,2017-02-14,1487048400
12759,2017-02-15,1487134800
13301,2017-02-16,1487221200
14739,2017-02-17,1487307600
13186,2017-02-18,1487394000
11065,2017-02-19,1487480400
12699,2017-02-20,1487566800
14204,2017-02-21,1487653200
13648,2017-02-22,1487739600
14503,2017-02-23,1487826000
16166,2017-02-24,1487912400
18086,2017-02-25,1487998800
17157,2017-02-26,1488085200
15586,2017-02-27,1488171600
16074,2017-02-28,1488258000
17789,2017-03-01,1488344400
19271,2017-03-02,1488430800
40981,2017-03-03,1488517200
26396,2017-03-04,1488603600
18338,2017-03-05,1488690000
20720,2017-03-06,1488776400
17507,2017-03-07,1488862800
16131,2017-03-08,1488949200
16077,2017-03-09,1489035600
19641,2017-03-10,1489122000
16371,2017-03-11,1489208400
14426,2017-03-12,1489294800
16733,2017-03-13,1489377600
19966,2017-03-14,1489464000
17958,2017-03-15,1489550400
17182,2017-03-16,1489636800
16022,2017-03-17,1489723200
18692,2017-03-18,1489809600
19600,2017-03-19,1489896000
23626,2017-03-20,1489982400
21664,2017-03-21,1490068800
20171,2017-03-22,1490155200
20204,2017-03-23,1490241600
18354,2017-03-24,1490328000
16681,2017-03-25,1490414400
18168,2017-03-26,1490500800
18498,2017-03-27,1490587200
16569,2017-03-28,1490673600
14593,2017-03-29,1490760000
14773,2017-03-30,1490846400
14056,2017-03-31,1490932800
12621,2017-04-01,1491019200
12217,2017-04-02,1491105600
15355,2017-04-03,1491192000
17274,2017-04-04,1491278400
14198,2017-04-05,1491364800
13903,2017-04-06,1491451200
13902,2017-04-07,1491537600
11883,2017-04-08,1491624000
11572,2017-04-09,1491710400
13908,2017-04-10,1491796800
17727,2017-04-11,1491883200
14561,2017-04-12,1491969600
14539,2017-04-13,1492056000
12912,2017-04-14,1492142400
10711,2017-04-15,1492228800
11690,2017-04-16,1492315200
19340,2017-04-17,1492401600
24064,2017-04-18,1492488000
16503,2017-04-19,1492574400
15072,2017-04-20,1492660800
14633,2017-04-21,1492747200
11508,2017-04-22,1492833600
12426,2017-04-23,1492920000
16492,2017-04-24,1493006400
17039,2017-04-25,1493092800
15105,2017-04-26,1493179200
15279,2017-04-27,1493265600
14268,2017-04-28,1493352000
11486,2017-04-29,1493438400
16505,2017-04-30,1493524800
14896,2017-05-01,1493611200
17552,2017-05-02,1493697600
17635,2017-05-03,1493784000
19681,2017-05-04,1493870400
17252,2017-05-05,1493956800
18153,2017-05-06,1494043200
18187,2017-05-07,1494129600
20017,2017-05-08,1494216000
24383,2017-05-09,1494302400
24893,2017-05-10,1494388800
25641,2017-05-11,1494475200
40297,2017-05-12,1494561600
48497,2017-05-13,1494648000
43577,2017-05-14,1494734400
92259,2017-05-15,1494820800
89655,2017-05-16,1494907200
60873,2017-05-17,1494993600
46758,2017-05-18,1495080000
39294,2017-05-19,1495166400
34010,2017-05-20,1495252800
32442,2017-05-21,1495339200
72770,2017-05-22,1495425600
79852,2017-05-23,1495512000
70938,2017-05-24,1495598400
74308,2017-05-25,1495684800
62426,2017-05-26,1495771200
42415,2017-05-27,1495857600
33185,2017-05-28,1495944000
36086,2017-05-29,1496030400
35963,2017-05-30,1496116800
34743,2017-05-31,1496203200
32102,2017-06-01,1496289600
28923,2017-06-02,1496376000
26484,2017-06-03,1496462400
24030,2017-06-04,1496548800
29492,2017-06-05,1496635200
36335,2017-06-06,1496721600
34333,2017-06-07,1496808000
28152,2017-06-08,1496894400
26797,2017-06-09,1496980800
23995,2017-06-10,1497067200
27806,2017-06-11,1497153600
36420,2017-06-12,1497240000
33391,2017-06-13,1497326400
29493,2017-06-14,1497412800
29860,2017-06-15,1497499200
28789,2017-06-16,1497585600
23672,2017-06-17,1497672000
23075,2017-06-18,1497758400
25931,2017-06-19,1497844800
29118,2017-06-20,1497931200
33121,2017-06-21,1498017600
31083,2017-06-22,1498104000
26197,2017-06-23,1498190400
24639,2017-06-24,1498276800
22743,2017-06-25,1498363200
26166,2017-06-26,1498449600
36164,2017-06-27,1498536000
46469,2017-06-28,1498622400
35088,2017-06-29,1498708800
26960,2017-06-30,1498795200
23455,2017-07-01,1498881600
25339,2017-07-02,1498968000
26000,2017-07-03,1499054400
25954,2017-07-04,1499140800
27316,2017-07-05,1499227200
28077,2017-07-06,1499313600
24723,2017-07-07,1499400000
21813,2017-07-08,1499486400
22484,2017-07-09,1499572800
26497,2017-07-10,1499659200
28778,2017-07-11,1499745600
27827,2017-07-12,1499832000
28826,2017-07-13,1499918400
25146,2017-07-14,1500004800
20918,2017-07-15,1500091200
21330,2017-07-16,1500177600
25175,2017-07-17,1500264000
29816,2017-07-18,1500350400
31571,2017-07-19,1500436800
33332,2017-07-20,1500523200
27028,2017-07-21,1500609600
23839,2017-07-22,1500696000
29444,2017-07-23,1500782400
29211,2017-07-24,1500868800
27282,2017-07-25,1500955200
27926,2017-07-26,1501041600
28447,2017-07-27,1501128000
24731,2017-07-28,1501214400
22063,2017-07-29,1501300800
35445,2017-07-30,1501387200
25446,2017-07-31,1501473600
54112,2017-08-01,1501560000
78751,2017-08-02,1501646400
32167,2017-08-03,1501732800
25124,2017-08-04,1501819200
27093,2017-08-05,1501905600
27030,2017-08-06,1501992000
35220,2017-08-07,1502078400
42422,2017-08-08,1502164800
37744,2017-08-09,1502251200
35488,2017-08-10,1502337600
32652,2017-08-11,1502424000
30433,2017-08-12,1502510400
39004,2017-08-13,1502596800
53867,2017-08-14,1502683200
49545,2017-08-15,1502769600
42637,2017-08-16,1502856000
39393,2017-08-17,1502942400
39011,2017-08-18,1503028800
35897,2017-08-19,1503115200
37039,2017-08-20,1503201600
38635,2017-08-21,1503288000
42484,2017-08-22,1503374400
40788,2017-08-23,1503460800
38457,2017-08-24,1503547200
36325,2017-08-25,1503633600
32141,2017-08-26,1503720000
29450,2017-08-27,1503806400
33093,2017-08-28,1503892800
36234,2017-08-29,1503979200
38008,2017-08-30,1504065600
41171,2017-08-31,1504152000
38280,2017-09-01,1504238400
34811,2017-09-02,1504324800
34468,2017-09-03,1504411200
40995,2017-09-04,1504497600
40693,2017-09-05,1504584000
40179,2017-09-06,1504670400
40293,2017-09-07,1504756800
33187,2017-09-08,1504843200
29744,2017-09-09,1504929600
29393,2017-09-10,1505016000
32110,2017-09-11,1505102400
37184,2017-09-12,1505188800
51883,2017-09-13,1505275200
47681,2017-09-14,1505361600
46741,2017-09-15,1505448000
36273,2017-09-16,1505534400
34572,2017-09-17,1505620800
40573,2017-09-18,1505707200
39469,2017-09-19,1505793600
35122,2017-09-20,1505880000
31837,2017-09-21,1505966400
29702,2017-09-22,1506052800
23177,2017-09-23,1506139200
24503,2017-09-24,1506225600
27296,2017-09-25,1506312000
27577,2017-09-26,1506398400
29970,2017-09-27,1506484800
27248,2017-09-28,1506571200
25880,2017-09-29,1506657600
22188,2017-09-30,1506744000
24449,2017-10-01,1506830400
26707,2017-10-02,1506916800
27873,2017-10-03,1507003200
29987,2017-10-04,1507089600
28161,2017-10-05,1507176000
25452,2017-10-06,1507262400
23374,2017-10-07,1507348800
24589,2017-10-08,1507435200
29398,2017-10-09,1507521600
30268,2017-10-10,1507608000
33036,2017-10-11,1507694400
46510,2017-10-12,1507780800
54928,2017-10-13,1507867200
41926,2017-10-14,1507953600
38134,2017-10-15,1508040000
42409,2017-10-16,1508126400
38467,2017-10-17,1508212800
35682,2017-10-18,1508299200
35467,2017-10-19,1508385600
40926,2017-10-20,1508472000
45542,2017-10-21,1508558400
41045,2017-10-22,1508644800
47099,2017-10-23,1508731200
44716,2017-10-24,1508817600
41933,2017-10-25,1508904000
39844,2017-10-26,1508990400
37537,2017-10-27,1509076800
31898,2017-10-28,1509163200
34355,2017-10-29,1509249600
43309,2017-10-30,1509336000
48836,2017-10-31,1509422400
56731,2017-11-01,1509508800
75661,2017-11-02,1509595200
65139,2017-11-03,1509681600
50687,2017-11-04,1509768000
48677,2017-11-05,1509854400
52413,2017-11-06,1509944400
52217,2017-11-07,1510030800
55613,2017-11-08,1510117200
55234,2017-11-09,1510203600
54094,2017-11-10,1510290000
44938,2017-11-11,1510376400
45692,2017-11-12,1510462800
55933,2017-11-13,1510549200
53928,2017-11-14,1510635600
47219,2017-11-15,1510722000
50887,2017-11-16,1510808400
63913,2017-11-17,1510894800
49924,2017-11-18,1510981200
45980,2017-11-19,1511067600
59496,2017-11-20,1511154000
63035,2017-11-21,1511240400
54553,2017-11-22,1511326800
48753,2017-11-23,1511413200
47174,2017-11-24,1511499600
45257,2017-11-25,1511586000
67113,2017-11-26,1511672400
125467,2017-11-27,1511758800
146849,2017-11-28,1511845200
264319,2017-11-29,1511931600
214178,2017-11-30,1512018000
169577,2017-12-01,1512104400
113439,2017-12-02,1512190800
109492,2017-12-03,1512277200
163260,2017-12-04,1512363600
161881,2017-12-05,1512450000
180707,2017-12-06,1512536400
333517,2017-12-07,1512622800
347624,2017-12-08,1512709200
215966,2017-12-09,1512795600
192190,2017-12-10,1512882000
244694,2017-12-11,1512968400
232389,2017-12-12,1513054800
203034,2017-12-13,1513141200
166596,2017-12-14,1513227600
130838,2017-12-15,1513314000
118984,2017-12-16,1513400400
126375,2017-12-17,1513486800
139923,2017-12-18,1513573200
158024,2017-12-19,1513659600
166711,2017-12-20,1513746000
144330,2017-12-21,1513832400
167041,2017-12-22,1513918800
147971,2017-12-23,1514005200
111542,2017-12-24,1514091600
117925,2017-12-25,1514178000
128835,2017-12-26,1514264400
100995,2017-12-27,1514350800
94098,2017-12-28,1514437200
93345,2017-12-29,1514523600
84729,2017-12-30,1514610000
68856,2017-12-31,1514696400
66949,2018-01-01,1514782800
90271,2018-01-02,1514869200
99223,2018-01-03,1514955600
88224,2018-01-04,1515042000
81601,2018-01-05,1515128400
81564,2018-01-06,1515214800
80580,2018-01-07,1515301200
89326,2018-01-08,1515387600
93964,2018-01-09,1515474000
101726,2018-01-10,1515560400
90383,2018-01-11,1515646800
78303,2018-01-12,1515733200
70335,2018-01-13,1515819600
60970,2018-01-14,1515906000
65857,2018-01-15,1515992400
76274,2018-01-16,1516078800
91829,2018-01-17,1516165200
72867,2018-01-18,1516251600
62607,2018-01-19,1516338000
53113,2018-01-20,1516424400
49158,2018-01-21,1516510800
55522,2018-01-22,1516597200
50426,2018-01-23,1516683600
52910,2018-01-24,1516770000
55993,2018-01-25,1516856400
47466,2018-01-26,1516942800
41276,2018-01-27,1517029200
41881,2018-01-28,1517115600
43600,2018-01-29,1517202000
42251,2018-01-30,1517288400
46740,2018-01-31,1517374800
50088,2018-02-01,1517461200
55719,2018-02-02,1517547600
47365,2018-02-03,1517634000
45525,2018-02-04,1517720400
59427,2018-02-05,1517806800
62245,2018-02-06,1517893200
45923,2018-02-07,1517979600
43539,2018-02-08,1518066000
43556,2018-02-09,1518152400
36798,2018-02-10,1518238800
37293,2018-02-11,1518325200
45447,2018-02-12,1518411600
40316,2018-02-13,1518498000
36872,2018-02-14,1518584400
38966,2018-02-15,1518670800
32756,2018-02-16,1518757200
29889,2018-02-17,1518843600
28067,2018-02-18,1518930000
28114,2018-02-19,1519016400
40395,2018-02-20,1519102800
26033,2018-02-21,1519189200
26010,2018-02-22,1519275600
21893,2018-02-23,1519362000
19814,2018-02-24,1519448400
27283,2018-02-25,1519534800
26046,2018-02-26,1519621200
29257,2018-02-27,1519707600
24799,2018-02-28,1519794000
21338,2018-03-01,1519880400
30328,2018-03-02,1519966800
18238,2018-03-03,1520053200
19122,2018-03-04,1520139600
21987,2018-03-05,1520226000
32332,2018-03-06,1520312400
26604,2018-03-07,1520398800
18857,2018-03-08,1520485200
19575,2018-03-09,1520571600
17796,2018-03-10,1520658000
21810,2018-03-11,1520744400
22668,2018-03-12,1520827200
21747,2018-03-13,1520913600
20107,2018-03-14,1521000000
20290,2018-03-15,1521086400
18473,2018-03-16,1521172800
15044,2018-03-17,1521259200
17508,2018-03-18,1521345600
29251,2018-03-19,1521432000
22863,2018-03-20,1521518400
26958,2018-03-21,1521604800
32776,2018-03-22,1521691200
27263,2018-03-23,1521777600
15234,2018-03-24,1521864000
13914,2018-03-25,1521950400
26741,2018-03-26,1522036800
20938,2018-03-27,1522123200
25819,2018-03-28,1522209600
18742,2018-03-29,1522296000
19021,2018-03-30,1522382400
13350,2018-03-31,1522468800
14424,2018-04-01,1522555200
19687,2018-04-02,1522641600
18898,2018-04-03,1522728000
21414,2018-04-04,1522814400
22195,2018-04-05,1522900800
19322,2018-04-06,1522987200
18205,2018-04-07,1523073600
18606,2018-04-08,1523160000
15723,2018-04-09,1523246400
19123,2018-04-10,1523332800
15537,2018-04-11,1523419200
17741,2018-04-12,1523505600
16030,2018-04-13,1523592000
12764,2018-04-14,1523678400
12921,2018-04-15,1523764800
16699,2018-04-16,1523851200
18189,2018-04-17,1523937600
17159,2018-04-18,1524024000
16228,2018-04-19,1524110400
15985,2018-04-20,1524196800
16387,2018-04-21,1524283200
21300,2018-04-22,1524369600
28166,2018-04-23,1524456000
22346,2018-04-24,1524542400
19668,2018-04-25,1524628800
20553,2018-04-26,1524715200
15876,2018-04-27,1524801600
11684,2018-04-28,1524888000
11785,2018-04-29,1524974400
14269,2018-04-30,1525060800
14110,2018-05-01,1525147200
14600,2018-05-02,1525233600
13477,2018-05-03,1525320000
14729,2018-05-04,1525406400
12677,2018-05-05,1525492800
13678,2018-05-06,1525579200
17080,2018-05-07,1525665600
19962,2018-05-08,1525752000
16867,2018-05-09,1525838400
17515,2018-05-10,1525924800
15364,2018-05-11,1526011200
13387,2018-05-12,1526097600
13816,2018-05-13,1526184000
14904,2018-05-14,1526270400
15234,2018-05-15,1526356800
14503,2018-05-16,1526443200
15599,2018-05-17,1526529600
19564,2018-05-18,1526616000
15349,2018-05-19,1526702400
15779,2018-05-20,1526788800
21575,2018-05-21,1526875200
14983,2018-05-22,1526961600
16156,2018-05-23,1527048000
14508,2018-05-24,1527134400
13802,2018-05-25,1527220800
11409,2018-05-26,1527307200
23363,2018-05-27,1527393600
13694,2018-05-28,1527480000
13825,2018-05-29,1527566400
13645,2018-05-30,1527652800
20504,2018-05-31,1527739200
11662,2018-06-01,1527825600
9725,2018-06-02,1527912000
16001,2018-06-03,1527998400
19183,2018-06-04,1528084800
25079,2018-06-05,1528171200
36825,2018-06-06,1528257600
31536,2018-06-07,1528344000
25755,2018-06-08,1528430400
21012,2018-06-09,1528516800
22801,2018-06-10,1528603200
25154,2018-06-11,1528689600
20562,2018-06-12,1528776000
19341,2018-06-13,1528862400
15983,2018-06-14,1528948800
13205,2018-06-15,1529035200
11655,2018-06-16,1529121600
17386,2018-06-17,1529208000
17898,2018-06-18,1529294400
15766,2018-06-19,1529380800
25596,2018-06-20,1529467200
15643,2018-06-21,1529553600
13373,2018-06-22,1529640000
11597,2018-06-23,1529726400
17672,2018-06-24,1529812800
17561,2018-06-25,1529899200
17717,2018-06-26,1529985600
17989,2018-06-27,1530072000
19095,2018-06-28,1530158400
14756,2018-06-29,1530244800
14906,2018-06-30,1530331200
15557,2018-07-01,1530417600
16592,2018-07-02,1530504000
13998,2018-07-03,1530590400
13749,2018-07-04,1530676800
17100,2018-07-05,1530763200
12933,2018-07-06,1530849600
8893,2018-07-07,1530936000
9623,2018-07-08,1531022400
11197,2018-07-09,1531108800
16790,2018-07-10,1531195200
12259,2018-07-11,1531281600
11732,2018-07-12,1531368000
13504,2018-07-13,1531454400
12670,2018-07-14,1531540800
12701,2018-07-15,1531627200
13290,2018-07-16,1531713600
12960,2018-07-17,1531800000
14290,2018-07-18,1531886400
14658,2018-07-19,1531972800
13106,2018-07-20,1532059200
12226,2018-07-21,1532145600
11888,2018-07-22,1532232000
14140,2018-07-23,1532318400
13519,2018-07-24,1532404800
15289,2018-07-25,1532491200
13985,2018-07-26,1532577600
14782,2018-07-27,1532664000
13087,2018-07-28,1532750400
16289,2018-07-29,1532836800
13657,2018-07-30,1532923200
14920,2018-07-31,1533009600
14337,2018-08-01,1533096000
16057,2018-08-02,1533182400
15321,2018-08-03,1533268800
11585,2018-08-04,1533355200
11833,2018-08-05,1533441600
16669,2018-08-06,1533528000
17544,2018-08-07,1533614400
12867,2018-08-08,1533700800
11084,2018-08-09,1533787200
13629,2018-08-10,1533873600
11869,2018-08-11,1533960000
12065,2018-08-12,1534046400
14328,2018-08-13,1534132800
14544,2018-08-14,1534219200
15421,2018-08-15,1534305600
14026,2018-08-16,1534392000
13047,2018-08-17,1534478400
13778,2018-08-18,1534564800
14376,2018-08-19,1534651200
13293,2018-08-20,1534737600
13831,2018-08-21,1534824000
14191,2018-08-22,1534910400
13674,2018-08-23,1534996800
14352,2018-08-24,1535083200
13281,2018-08-25,1535169600
12213,2018-08-26,1535256000
15071,2018-08-27,1535342400
13951,2018-08-28,1535428800
14267,2018-08-29,1535515200
15138,2018-08-30,1535601600
13025,2018-08-31,1535688000
11844,2018-09-01,1535774400
13971,2018-09-02,1535860800
15414,2018-09-03,1535947200
14233,2018-09-04,1536033600
14952,2018-09-05,1536120000
15477,2018-09-06,1536206400
13667,2018-09-07,1536292800
12148,2018-09-08,1536379200
13335,2018-09-09,1536465600
15001,2018-09-10,1536552000
11421,2018-09-11,1536638400
11472,2018-09-12,1536724800
12668,2018-09-13,1536811200
12172,2018-09-14,1536897600
11658,2018-09-15,1536984000
12821,2018-09-16,1537070400
18717,2018-09-17,1537156800
15946,2018-09-18,1537243200
13984,2018-09-19,1537329600
13592,2018-09-20,1537416000
13441,2018-09-21,1537502400
12217,2018-09-22,1537588800
14821,2018-09-23,1537675200
16754,2018-09-24,1537761600
14040,2018-09-25,1537848000
12978,2018-09-26,1537934400
11624,2018-09-27,1538020800
11343,2018-09-28,1538107200
10493,2018-09-29,1538193600
10682,2018-09-30,1538280000
10848,2018-10-01,1538366400
11253,2018-10-02,1538452800
10250,2018-10-03,1538539200
9920,2018-10-04,1538625600
9347,2018-10-05,1538712000
8459,2018-10-06,1538798400
8477,2018-10-07,1538884800
11369,2018-10-08,1538971200
13476,2018-10-09,1539057600
10393,2018-10-10,1539144000
9752,2018-10-11,1539230400
9496,2018-10-12,1539316800
8159,2018-10-13,1539403200
9344,2018-10-14,1539489600
10758,2018-10-15,1539576000
10329,2018-10-16,1539662400
9670,2018-10-17,1539748800
10296,2018-10-18,1539835200
12807,2018-10-19,1539921600
12124,2018-10-20,1540008000
15287,2018-10-21,1540094400
11669,2018-10-22,1540180800
10690,2018-10-23,1540267200
11022,2018-10-24,1540353600
10190,2018-10-25,1540440000
9548,2018-10-26,1540526400
9565,2018-10-27,1540612800
8465,2018-10-28,1540699200
11526,2018-10-29,1540785600
12133,2018-10-30,1540872000
13063,2018-10-31,1540958400
13454,2018-11-01,1541044800
14259,2018-11-02,1541131200
13608,2018-11-03,1541217600
11189,2018-11-04,1541304000
12558,2018-11-05,1541394000
12848,2018-11-06,1541480400
11171,2018-11-07,1541566800
17005,2018-11-08,1541653200
15740,2018-11-09,1541739600
11746,2018-11-10,1541826000
14566,2018-11-11,1541912400
13431,2018-11-12,1541998800
12792,2018-11-13,1542085200
12683,2018-11-14,1542171600
12021,2018-11-15,1542258000
10333,2018-11-16,1542344400
10163,2018-11-17,1542430800
10186,2018-11-18,1542517200
13428,2018-11-19,1542603600
14612,2018-11-20,1542690000
13971,2018-11-21,1542776400
11935,2018-11-22,1542862800
11355,2018-11-23,1542949200
10062,2018-11-24,1543035600
11375,2018-11-25,1543122000
13860,2018-11-26,1543208400
15200,2018-11-27,1543294800
12686,2018-11-28,1543381200
12709,2018-11-29,1543467600
14422,2018-11-30,1543554000
10083,2018-12-01,1543640400
10695,2018-12-02,1543726800
12294,2018-12-03,1543813200
13226,2018-12-04,1543899600
12290,2018-12-05,1543986000
11920,2018-12-06,1544072400
12019,2018-12-07,1544158800
10178,2018-12-08,1544245200
10294,2018-12-09,1544331600
11433,2018-12-10,1544418000
11401,2018-12-11,1544504400
11912,2018-12-12,1544590800
13069,2018-12-13,1544677200
13937,2018-12-14,1544763600
9154,2018-12-15,1544850000
9462,2018-12-16,1544936400
12584,2018-12-17,1545022800
12447,2018-12-18,1545109200
10893,2018-12-19,1545195600
12461,2018-12-20,1545282000
12817,2018-12-21,1545368400
10507,2018-12-22,1545454800
9330,2018-12-23,1545541200
9452,2018-12-24,1545627600
9181,2018-12-25,1545714000
10859,2018-12-26,1545800400
11794,2018-12-27,1545886800
11423,2018-12-28,1545973200
11545,2018-12-29,1546059600
9079,2018-12-30,1546146000
9707,2018-12-31,1546232400
9676,2019-01-01,1546318800
11193,2019-01-02,1546405200
20217,2019-01-03,1546491600
12983,2019-01-04,1546578000
11166,2019-01-05,1546664400
10823,2019-01-06,1546750800
11844,2019-01-07,1546837200
11247,2019-01-08,1546923600
11613,2019-01-09,1547010000
11469,2019-01-10,1547096400
11253,2019-01-11,1547182800
9969,2019-01-12,1547269200
10447,2019-01-13,1547355600
10517,2019-01-14,1547442000
8976,2019-01-15,1547528400
8694,2019-01-16,1547614800
8474,2019-01-17,1547701200
9388,2019-01-18,1547787600
7062,2019-01-19,1547874000
6958,2019-01-20,1547960400
8011,2019-01-21,1548046800
8145,2019-01-22,1548133200
8351,2019-01-23,1548219600
9591,2019-01-24,1548306000
8612,2019-01-25,1548392400
8095,2019-01-26,1548478800
8167,2019-01-27,1548565200
8591,2019-01-28,1548651600
8870,2019-01-29,1548738000
9138,2019-01-30,1548824400
8877,2019-01-31,1548910800
9183,2019-02-01,1548997200
8044,2019-02-02,1549083600
7533,2019-02-03,1549170000
9227,2019-02-04,1549256400
14043,2019-02-05,1549342800
11497,2019-02-06,1549429200
10628,2019-02-07,1549515600
9212,2019-02-08,1549602000
8208,2019-02-09,1549688400
7960,2019-02-10,1549774800
9192,2019-02-11,1549861200
9366,2019-02-12,1549947600
9619,2019-02-13,1550034000
8574,2019-02-14,1550120400
8567,2019-02-15,1550206800
8364,2019-02-16,1550293200
10731,2019-02-17,1550379600
9619,2019-02-18,1550466000
10199,2019-02-19,1550552400
10410,2019-02-20,1550638800
10148,2019-02-21,1550725200
9719,2019-02-22,1550811600
8850,2019-02-23,1550898000
9956,2019-02-24,1550984400
10287,2019-02-25,1551070800
10243,2019-02-26,1551157200
9925,2019-02-27,1551243600
15021,2019-02-28,1551330000
10709,2019-03-01,1551416400
8918,2019-03-02,1551502800
8919,2019-03-03,1551589200
9968,2019-03-04,1551675600
10197,2019-03-05,1551762000
10467,2019-03-06,1551848400
9796,2019-03-07,1551934800
8394,2019-03-08,1552021200
7519,2019-03-09,1552107600
7915,2019-03-10,1552194000
8774,2019-03-11,1552276800
12521,2019-03-12,1552363200
8739,2019-03-13,1552449600
8334,2019-03-14,1552536000
7756,2019-03-15,1552622400
6987,2019-03-16,1552708800
7255,2019-03-17,1552795200
8668,2019-03-18,1552881600
8453,2019-03-19,1552968000
8187,2019-03-20,1553054400
7746,2019-03-21,1553140800
7275,2019-03-22,1553227200
6576,2019-03-23,1553313600
6248,2019-03-24,1553400000
6904,2019-03-25,1553486400
7696,2019-03-26,1553572800
7770,2019-03-27,1553659200
7251,2019-03-28,1553745600
6807,2019-03-29,1553832000
6002,2019-03-30,1553918400
6406,2019-03-31,1554004800
7923,2019-04-01,1554091200
12906,2019-04-02,1554177600
14671,2019-04-03,1554264000
10242,2019-04-04,1554350400
8525,2019-04-05,1554436800
7347,2019-04-06,1554523200
7621,2019-04-07,1554609600
9046,2019-04-08,1554696000
9519,2019-04-09,1554782400
10037,2019-04-10,1554868800
8324,2019-04-11,1554955200
7741,2019-04-12,1555041600
6672,2019-04-13,1555128000
6367,2019-04-14,1555214400
8123,2019-04-15,1555300800
7416,2019-04-16,1555387200
7646,2019-04-17,1555473600
7431,2019-04-18,1555560000
7209,2019-04-19,1555646400
7255,2019-04-20,1555732800
7837,2019-04-21,1555819200
7701,2019-04-22,1555905600
7817,2019-04-23,1555992000
8272,2019-04-24,1556078400
7258,2019-04-25,1556164800
7138,2019-04-26,1556251200
6549,2019-04-27,1556337600
6502,2019-04-28,1556424000
8234,2019-04-29,1556510400
8157,2019-04-30,1556596800
7408,2019-05-01,1556683200
7391,2019-05-02,1556769600
8298,2019-05-03,1556856000
7013,2019-05-04,1556942400
6633,2019-05-05,1557028800
7396,2019-05-06,1557115200
7638,2019-05-07,1557201600
8422,2019-05-08,1557288000
9131,2019-05-09,1557374400
7655,2019-05-10,1557460800
7513,2019-05-11,1557547200
7325,2019-05-12,1557633600
8766,2019-05-13,1557720000
10756,2019-05-14,1557806400
9584,2019-05-15,1557892800
9545,2019-05-16,1557979200
9703,2019-05-17,1558065600
11387,2019-05-18,1558152000
14720,2019-05-19,1558238400
15078,2019-05-20,1558324800
11479,2019-05-21,1558411200
12220,2019-05-22,1558497600
11565,2019-05-23,1558584000
10444,2019-05-24,1558670400
9914,2019-05-25,1558756800
11079,2019-05-26,1558843200
12977,2019-05-27,1558929600
13378,2019-05-28,1559016000
13223,2019-05-29,1559102400
12769,2019-05-30,1559188800
11243,2019-05-31,1559275200
9355,2019-06-01,1559361600
6497,2019-06-02,1559448000
7731,2019-06-03,1559534400
7753,2019-06-04,1559620800
7024,2019-06-05,1559707200
7074,2019-06-06,1559793600
7654,2019-06-07,1559880000
6597,2019-06-08,1559966400
6339,2019-06-09,1560052800
7433,2019-06-10,1560139200
8418,2019-06-11,1560225600
7859,2019-06-12,1560312000
8052,2019-06-13,1560398400
9265,2019-06-14,1560484800
6859,2019-06-15,1560571200
8291,2019-06-16,1560657600
9322,2019-06-17,1560744000
11494,2019-06-18,1560830400
10513,2019-06-19,1560916800
9918,2019-06-20,1561003200
9006,2019-06-21,1561089600
10538,2019-06-22,1561176000
10583,2019-06-23,1561262400
11124,2019-06-24,1561348800
11163,2019-06-25,1561435200
16315,2019-06-26,1561521600
18084,2019-06-27,1561608000
19644,2019-06-28,1561694400
8978,2019-06-29,1561780800
10201,2019-06-30,1561867200
11138,2019-07-01,1561953600
11661,2019-07-02,1562040000
13438,2019-07-03,1562126400
9155,2019-07-04,1562212800
8943,2019-07-05,1562299200
7826,2019-07-06,1562385600
8162,2019-07-07,1562472000
10238,2019-07-08,1562558400
11492,2019-07-09,1562644800
13874,2019-07-10,1562731200
10908,2019-07-11,1562817600
12683,2019-07-12,1562904000
8949,2019-07-13,1562990400
8588,2019-07-14,1563076800
9850,2019-07-15,1563163200
9965,2019-07-16,1563249600
9947,2019-07-17,1563336000
10132,2019-07-18,1563422400
10284,2019-07-19,1563508800
8240,2019-07-20,1563595200
8196,2019-07-21,1563681600
8745,2019-07-22,1563768000
8321,2019-07-23,1563854400
8223,2019-07-24,1563940800
8155,2019-07-25,1564027200
7623,2019-07-26,1564113600
7953,2019-07-27,1564200000
7119,2019-07-28,1564286400
9050,2019-07-29,1564372800
9691,2019-07-30,1564459200
11906,2019-07-31,1564545600
8508,2019-08-01,1564632000
7968,2019-08-02,1564718400
9466,2019-08-03,1564804800
6410,2019-08-04,1564891200
8748,2019-08-05,1564977600
9727,2019-08-06,1565064000
9692,2019-08-07,1565150400
9601,2019-08-08,1565236800
8503,2019-08-09,1565323200
7757,2019-08-10,1565409600
7869,2019-08-11,1565496000
7933,2019-08-12,1565582400
8357,2019-08-13,1565668800
9438,2019-08-14,1565755200
8980,2019-08-15,1565841600
8300,2019-08-16,1565928000
8097,2019-08-17,1566014400
9134,2019-08-18,1566100800
9348,2019-08-19,1566187200
8536,2019-08-20,1566273600
8136,2019-08-21,1566360000
7563,2019-08-22,1566446400
8273,2019-08-23,1566532800
5862,2019-08-24,1566619200
6531,2019-08-25,1566705600
8038,2019-08-26,1566792000
9235,2019-08-27,1566878400
10145,2019-08-28,1566964800
7857,2019-08-29,1567051200
6776,2019-08-30,1567137600
7014,2019-08-31,1567224000
6671,2019-09-01,1567310400
7264,2019-09-02,1567396800
7550,2019-09-03,1567483200
7677,2019-09-04,1567569600
7530,2019-09-05,1567656000
6277,2019-09-06,1567742400
6071,2019-09-07,1567828800
6738,2019-09-08,1567915200
7487,2019-09-09,1568001600
7913,2019-09-10,1568088000
8081,2019-09-11,1568174400
7432,2019-09-12,1568260800
10836,2019-09-13,1568347200
8077,2019-09-14,1568433600
6781,2019-09-15,1568520000
8014,2019-09-16,1568606400
8180,2019-09-17,1568692800
8490,2019-09-18,1568779200
8665,2019-09-19,1568865600
8599,2019-09-20,1568952000
6759,2019-09-21,1569038400
8513,2019-09-22,1569124800
8914,2019-09-23,1569211200
11013,2019-09-24,1569297600
23376,2019-09-25,1569384000
9005,2019-09-26,1569470400
8280,2019-09-27,1569556800
6377,2019-09-28,1569643200
6266,2019-09-29,1569729600
7196,2019-09-30,1569816000
7453,2019-10-01,1569902400
7937,2019-10-02,1569988800
7961,2019-10-03,1570075200
7372,2019-10-04,1570161600
7186,2019-10-05,1570248000
6779,2019-10-06,1570334400
8177,2019-10-07,1570420800
7463,2019-10-08,1570507200
6983,2019-10-09,1570593600
6958,2019-10-10,1570680000
7344,2019-10-11,1570766400
7142,2019-10-12,1570852800
7127,2019-10-13,1570939200
9569,2019-10-14,1571025600
8124,2019-10-15,1571112000
8462,2019-10-16,1571198400
9729,2019-10-17,1571284800
8385,2019-10-18,1571371200
7198,2019-10-19,1571457600
7117,2019-10-20,1571544000
7462,2019-10-21,1571630400
7527,2019-10-22,1571716800
8352,2019-10-23,1571803200
8206,2019-10-24,1571889600
7036,2019-10-25,1571976000
7848,2019-10-26,1572062400
7402,2019-10-27,1572148800
8355,2019-10-28,1572235200
8884,2019-10-29,1572321600
8848,2019-10-30,1572408000
19983,2019-10-31,1572494400
8539,2019-11-01,1572580800
8788,2019-11-02,1572667200
7062,2019-11-03,1572753600
8765,2019-11-04,1572843600
9747,2019-11-05,1572930000
11635,2019-11-06,1573016400
9253,2019-11-07,1573102800
9213,2019-11-08,1573189200
6855,2019-11-09,1573275600
7263,2019-11-10,1573362000
8988,2019-11-11,1573448400
9315,2019-11-12,1573534800
9331,2019-11-13,1573621200
8279,2019-11-14,1573707600
7719,2019-11-15,1573794000
6417,2019-11-16,1573880400
6773,2019-11-17,1573966800
7553,2019-11-18,1574053200
8594,2019-11-19,1574139600
7722,2019-11-20,1574226000
7402,2019-11-21,1574312400
7155,2019-11-22,1574398800
5990,2019-11-23,1574485200
8398,2019-11-24,1574571600
8941,2019-11-25,1574658000
7814,2019-11-26,1574744400
8072,2019-11-27,1574830800
7978,2019-11-28,1574917200
11603,2019-11-29,1575003600
7643,2019-11-30,1575090000
7253,2019-12-01,1575176400
7404,2019-12-02,1575262800
7635,2019-12-03,1575349200
9125,2019-12-04,1575435600
8487,2019-12-05,1575522000
8289,2019-12-06,1575608400
7020,2019-12-07,1575694800
7182,2019-12-08,1575781200
6620,2019-12-09,1575867600
8299,2019-12-10,1575954000
8885,2019-12-11,1576040400
8514,2019-12-12,1576126800
8599,2019-12-13,1576213200
6166,2019-12-14,1576299600
6070,2019-12-15,1576386000
8344,2019-12-16,1576472400
8492,2019-12-17,1576558800
10107,2019-12-18,1576645200
9071,2019-12-19,1576731600
10616,2019-12-20,1576818000
4843,2019-12-21,1576904400
6510,2019-12-22,1576990800
6664,2019-12-23,1577077200
11748,2019-12-24,1577163600
13841,2019-12-25,1577250000
10193,2019-12-26,1577336400
7906,2019-12-27,1577422800
6653,2019-12-28,1577509200
6290,2019-12-29,1577595600
9696,2019-12-30,1577682000
11495,2019-12-31,1577768400
12716,2020-01-01,1577854800
12265,2020-01-02,1577941200
15018,2020-01-03,1578027600
8099,2020-01-04,1578114000
6024,2020-01-05,1578200400
8450,2020-01-06,1578286800
15005,2020-01-07,1578373200
14892,2020-01-08,1578459600
16008,2020-01-09,1578546000
12923,2020-01-10,1578632400
7131,2020-01-11,1578718800
15858,2020-01-12,1578805200
16539,2020-01-13,1578891600
17602,2020-01-14,1578978000
16450,2020-01-15,1579064400
7114,2020-01-16,1579150800
6076,2020-01-17,1579237200
7405,2020-01-18,1579323600
5926,2020-01-19,1579410000
6055,2020-01-20,1579496400
6343,2020-01-21,1579582800
6807,2020-01-22,1579669200
6236,2020-01-23,1579755600
5847,2020-01-24,1579842000
5058,2020-01-25,1579928400
4781,2020-01-26,1580014800
5561,2020-01-27,1580101200
6187,2020-01-28,1580187600
5904,2020-01-29,1580274000
6149,2020-01-30,1580360400
5802,2020-01-31,1580446800
4979,2020-02-01,1580533200
5268,2020-02-02,1580619600
5324,2020-02-03,1580706000
5800,2020-02-04,1580792400
6282,2020-02-05,1580878800
6024,2020-02-06,1580965200
6100,2020-02-07,1581051600
6136,2020-02-08,1581138000
6815,2020-02-09,1581224400
6760,2020-02-10,1581310800
7850,2020-02-11,1581397200
7157,2020-02-12,1581483600
7236,2020-02-13,1581570000
5676,2020-02-14,1581656400
5526,2020-02-15,1581742800
5675,2020-02-16,1581829200
6425,2020-02-17,1581915600
6467,2020-02-18,1582002000
14975,2020-02-19,1582088400
8107,2020-02-20,1582174800
8065,2020-02-21,1582261200
6544,2020-02-22,1582347600
6111,2020-02-23,1582434000
7149,2020-02-24,1582520400
6576,2020-02-25,1582606800
6459,2020-02-26,1582693200
6707,2020-02-27,1582779600
6434,2020-02-28,1582866000
5348,2020-02-29,1582952400
6902,2020-03-01,1583038800
6572,2020-03-02,1583125200
7543,2020-03-03,1583211600
7554,2020-03-04,1583298000
7666,2020-03-05,1583384400
6754,2020-03-06,1583470800
5541,2020-03-07,1583557200
5332,2020-03-08,1583643600
7397,2020-03-09,1583726400
7188,2020-03-10,1583812800
6614,2020-03-11,1583899200
8281,2020-03-12,1583985600
9562,2020-03-13,1584072000
6505,2020-03-14,1584158400
6228,2020-03-15,1584244800
7018,2020-03-16,1584331200
6889,2020-03-17,1584417600
6672,2020-03-18,1584504000
6983,2020-03-19,1584590400
6418,2020-03-20,1584676800
5856,2020-03-21,1584763200
5781,2020-03-22,1584849600
5902,2020-03-23,1584936000
6507,2020-03-24,1585022400
6777,2020-03-25,1585108800
6493,2020-03-26,1585195200
6331,2020-03-27,1585281600
5868,2020-03-28,1585368000
5861,2020-03-29,1585454400
6489,2020-03-30,1585540800
6428,2020-03-31,1585627200
8179,2020-04-01,1585713600
7492,2020-04-02,1585800000
8155,2020-04-03,1585886400
7223,2020-04-04,1585972800
6686,2020-04-05,1586059200
6912,2020-04-06,1586145600
7291,2020-04-07,1586232000
7040,2020-04-08,1586318400
6963,2020-04-09,1586404800
7025,2020-04-10,1586491200
7014,2020-04-11,1586577600
6944,2020-04-12,1586664000
7919,2020-04-13,1586750400
7586,2020-04-14,1586836800
7349,2020-04-15,1586923200
7570,2020-04-16,1587009600
8304,2020-04-17,1587096000
7660,2020-04-18,1587182400
7748,2020-04-19,1587268800
7923,2020-04-20,1587355200
8177,2020-04-21,1587441600
7908,2020-04-22,1587528000
8377,2020-04-23,1587614400
7954,2020-04-24,1587700800
7881,2020-04-25,1587787200
8763,2020-04-26,1587873600
9113,2020-04-27,1587960000
8978,2020-04-28,1588046400
9876,2020-04-29,1588132800
11380,2020-04-30,1588219200
9218,2020-05-01,1588305600
9155,2020-05-02,1588392000
8902,2020-05-03,1588478400
9190,2020-05-04,1588564800
9652,2020-05-05,1588651200
10397,2020-05-06,1588737600
9622,2020-05-07,1588824000
11682,2020-05-08,1588910400
8841,2020-05-09,1588996800
9887,2020-05-10,1589083200
12137,2020-05-11,1589169600
17241,2020-05-12,1589256000
9328,2020-05-13,1589342400
9072,2020-05-14,1589428800
8980,2020-05-15,1589515200
8432,2020-05-16,1589601600
8609,2020-05-17,1589688000
9317,2020-05-18,1589774400
8274,2020-05-19,1589860800
8888,2020-05-20,1589947200
8568,2020-05-21,1590033600
7566,2020-05-22,1590120000
7046,2020-05-23,1590206400
6879,2020-05-24,1590292800
7548,2020-05-25,1590379200
8218,2020-05-26,1590465600
7377,2020-05-27,1590552000
6751,2020-05-28,1590638400
7536,2020-05-29,1590724800
6458,2020-05-30,1590811200
6123,2020-05-31,1590897600
6294,2020-06-01,1590984000
7213,2020-06-02,1591070400
6680,2020-06-03,1591156800
6721,2020-06-04,1591243200
6924,2020-06-05,1591329600
5989,2020-06-06,1591416000
6859,2020-06-07,1591502400
7108,2020-06-08,1591588800
6859,2020-06-09,1591675200
7010,2020-06-10,1591761600
6831,2020-06-11,1591848000
6579,2020-06-12,1591934400
5793,2020-06-13,1592020800
5857,2020-06-14,1592107200
6219,2020-06-15,1592193600
5829,2020-06-16,1592280000
6120,2020-06-17,1592366400
6340,2020-06-18,1592452800
5849,2020-06-19,1592539200
5842,2020-06-20,1592625600
5773,2020-06-21,1592712000
6467,2020-06-22,1592798400
6693,2020-06-23,1592884800
5974,2020-06-24,1592971200
5841,2020-06-25,1593057600
6051,2020-06-26,1593144000
5447,2020-06-27,1593230400
5774,2020-06-28,1593316800
5786,2020-06-29,1593403200
6301,2020-06-30,1593489600
6932,2020-07-01,1593576000
5969,2020-07-02,1593662400
5866,2020-07-03,1593748800
5377,2020-07-04,1593835200
5292,2020-07-05,1593921600
5978,2020-07-06,1594008000
6579,2020-07-07,1594094400
6785,2020-07-08,1594180800
6907,2020-07-09,1594267200
6304,2020-07-10,1594353600
5994,2020-07-11,1594440000
7269,2020-07-12,1594526400
8150,2020-07-13,1594612800
10336,2020-07-14,1594699200
12225,2020-07-15,1594785600
16964,2020-07-16,1594872000
17078,2020-07-17,1594958400
13425,2020-07-18,1595044800
13702,2020-07-19,1595131200
13855,2020-07-20,1595217600
14370,2020-07-21,1595304000
19095,2020-07-22,1595390400
22765,2020-07-23,1595476800
11893,2020-07-24,1595563200
13391,2020-07-25,1595649600
13741,2020-07-26,1595736000
17750,2020-07-27,1595822400
18046,2020-07-28,1595908800
14763,2020-07-29,1595995200
26990,2020-07-30,1596081600
12600,2020-07-31,1596168000
13248,2020-08-01,1596254400
13353,2020-08-02,1596340800
13660,2020-08-03,1596427200
15395,2020-08-04,1596513600
28791,2020-08-05,1596600000
12592,2020-08-06,1596686400
11651,2020-08-07,1596772800
11690,2020-08-08,1596859200
11631,2020-08-09,1596945600
14518,2020-08-10,1597032000
19020,2020-08-11,1597118400
7876,2020-08-12,1597204800
10887,2020-08-13,1597291200
9255,2020-08-14,1597377600
11138,2020-08-15,1597464000
25458,2020-08-16,1597550400
17640,2020-08-17,1597636800
8281,2020-08-18,1597723200
8295,2020-08-19,1597809600
9695,2020-08-20,1597896000
15514,2020-08-21,1597982400
7763,2020-08-22,1598068800
14765,2020-08-23,1598155200
8083,2020-08-24,1598241600
11592,2020-08-25,1598328000
8517,2020-08-26,1598414400
16138,2020-08-27,1598500800
8093,2020-08-28,1598587200
6712,2020-08-29,1598673600
6355,2020-08-30,1598760000
14344,2020-08-31,1598846400
7559,2020-09-01,1598932800
8578,2020-09-02,1599019200
8456,2020-09-03,1599105600
7569,2020-09-04,1599192000
6546,2020-09-05,1599278400
13428,2020-09-06,1599364800
9377,2020-09-07,1599451200
13005,2020-09-08,1599537600
9108,2020-09-09,1599624000
11849,2020-09-10,1599710400
17333,2020-09-11,1599796800
10528,2020-09-12,1599883200
11313,2020-09-13,1599969600
11619,2020-09-14,1600056000
12835,2020-09-15,1600142400
10430,2020-09-16,1600228800
7969,2020-09-17,1600315200
9750,2020-09-18,1600401600
9085,2020-09-19,1600488000
9280,2020-09-20,1600574400
7271,2020-09-21,1600660800
6860,2020-09-22,1600747200
11125,2020-09-23,1600833600
6561,2020-09-24,1600920000
7189,2020-09-25,1601006400
7026,2020-09-26,1601092800
6598,2020-09-27,1601179200
11676,2020-09-28,1601265600
8401,2020-09-29,1601352000
8170,2020-09-30,1601438400
9502,2020-10-01,1601524800
5670,2020-10-02,1601611200
6717,2020-10-03,1601697600
5612,2020-10-04,1601784000
7821,2020-10-05,1601870400
7376,2020-10-06,1601956800
7584,2020-10-07,1602043200
7652,2020-10-08,1602129600
7932,2020-10-09,1602216000
10673,2020-10-10,1602302400
8588,2020-10-11,1602388800
10884,2020-10-12,1602475200
10722,2020-10-13,1602561600
7511,2020-10-14,1602648000
10117,2020-10-15,1602734400
9261,2020-10-16,1602820800
28224,2020-10-17,1602907200
6860,2020-10-18,1602993600
10637,2020-10-19,1603080000
11878,2020-10-20,1603166400
10608,2020-10-21,1603252800
11252,2020-10-22,1603339200
13494,2020-10-23,1603425600
19937,2020-10-24,1603512000
8772,2020-10-25,1603598400
9594,2020-10-26,1603684800
8752,2020-10-27,1603771200
8566,2020-10-28,1603857600
7285,2020-10-29,1603944000
10028,2020-10-30,1604030400
9982,2020-10-31,1604116800
8993,2020-11-01,1604203200
9019,2020-11-02,1604293200
9501,2020-11-03,1604379600
8224,2020-11-04,1604466000
10395,2020-11-05,1604552400
11423,2020-11-06,1604638800
9263,2020-11-07,1604725200
7229,2020-11-08,1604811600
9298,2020-11-09,1604898000
8692,2020-11-10,1604984400
9380,2020-11-11,1605070800
10044,2020-11-12,1605157200
10926,2020-11-13,1605243600
9428,2020-11-14,1605330000
9276,2020-11-15,1605416400
10425,2020-11-16,1605502800
17191,2020-11-17,1605589200
19164,2020-11-18,1605675600
17667,2020-11-19,1605762000
18066,2020-11-20,1605848400
18333,2020-11-21,1605934800
17692,2020-11-22,1606021200
19127,2020-11-23,1606107600
14116,2020-11-24,1606194000
12449,2020-11-25,1606280400
13510,2020-11-26,1606366800
12069,2020-11-27,1606453200
9834,2020-11-28,1606539600
9760,2020-11-29,1606626000
14326,2020-11-30,1606712400
15703,2020-12-01,1606798800
12413,2020-12-02,1606885200
12568,2020-12-03,1606971600
11886,2020-12-04,1607058000
10797,2020-12-05,1607144400
10989,2020-12-06,1607230800
11279,2020-12-07,1607317200
10711,2020-12-08,1607403600
10818,2020-12-09,1607490000
12504,2020-12-10,1607576400
17353,2020-12-11,1607662800
12187,2020-12-12,1607749200
11480,2020-12-13,1607835600
9489,2020-12-14,1607922000
9097,2020-12-15,1608008400
18098,2020-12-16,1608094800
30659,2020-12-17,1608181200
21784,2020-12-18,1608267600
15795,2020-12-19,1608354000
15790,2020-12-20,1608440400
19601,2020-12-21,1608526800
18812,2020-12-22,1608613200
13206,2020-12-23,1608699600
10785,2020-12-24,1608786000
10212,2020-12-25,1608872400
14878,2020-12-26,1608958800
20470,2020-12-27,1609045200
20215,2020-12-28,1609131600
19226,2020-12-29,1609218000
20765,2020-12-30,1609304400
17291,2020-12-31,1609390800
14769,2021-01-01,1609477200
31342,2021-01-02,1609563600
45570,2021-01-03,1609650000
35715,2021-01-04,1609736400
31211,2021-01-05,1609822800
31277,2021-01-06,1609909200
38824,2021-01-07,1609995600
41323,2021-01-08,1610082000
32684,2021-01-09,1610168400
30354,2021-01-10,1610254800
39161,2021-01-11,1610341200
35561,2021-01-12,1610427600
36200,2021-01-13,1610514000
39336,2021-01-14,1610600400
34543,2021-01-15,1610686800
29937,2021-01-16,1610773200
26937,2021-01-17,1610859600
22886,2021-01-18,1610946000
22511,2021-01-19,1611032400
18511,2021-01-20,1611118800
20415,2021-01-21,1611205200
23452,2021-01-22,1611291600
18124,2021-01-23,1611378000
16868,2021-01-24,1611464400
18589,2021-01-25,1611550800
16840,2021-01-26,1611637200
17658,2021-01-27,1611723600
21374,2021-01-28,1611810000
37777,2021-01-29,1611896400
28302,2021-01-30,1611982800
23922,2021-01-31,1612069200
22522,2021-02-01,1612155600
21140,2021-02-02,1612242000
21409,2021-02-03,1612328400
22911,2021-02-04,1612414800
20365,2021-02-05,1612501200
21211,2021-02-06,1612587600
21301,2021-02-07,1612674000
52147,2021-02-08,1612760400
63691,2021-02-09,1612846800
44938,2021-02-10,1612933200
40053,2021-02-11,1613019600
35509,2021-02-12,1613106000
30374,2021-02-13,1613192400
29969,2021-02-14,1613278800
32253,2021-02-15,1613365200
39196,2021-02-16,1613451600
39615,2021-02-17,1613538000
34127,2021-02-18,1613624400
37709,2021-02-19,1613710800
42413,2021-02-20,1613797200
37726,2021-02-21,1613883600
38688,2021-02-22,1613970000
39086,2021-02-23,1614056400
34430,2021-02-24,1614142800
29078,2021-02-25,1614229200
28172,2021-02-26,1614315600
26804,2021-02-27,1614402000
26728,2021-02-28,1614488400
26209,2021-03-01,1614574800
23099,2021-03-02,1614661200
21178,2021-03-03,1614747600
20273,2021-03-04,1614834000
23968,2021-03-05,1614920400
20644,2021-03-06,1615006800
19495,2021-03-07,1615093200
20180,2021-03-08,1615179600
22159,2021-03-09,1615266000
21564,2021-03-10,1615352400
20134,2021-03-11,1615438800
20523,2021-03-12,1615525200
23537,2021-03-13,1615611600
28552,2021-03-14,1615698000
25319,2021-03-15,1615780800
22490,2021-03-16,1615867200
20265,2021-03-17,1615953600
20216,2021-03-18,1616040000
18465,2021-03-19,1616126400
15983,2021-03-20,1616212800
15402,2021-03-21,1616299200
16910,2021-03-22,1616385600
17107,2021-03-23,1616472000
23756,2021-03-24,1616558400
20848,2021-03-25,1616644800
17157,2021-03-26,1616731200
19446,2021-03-27,1616817600
22469,2021-03-28,1616904000
22410,2021-03-29,1616990400
20677,2021-03-30,1617076800
18699,2021-03-31,1617163200
25512,2021-04-01,1617249600
18312,2021-04-02,1617336000
16802,2021-04-03,1617422400
15150,2021-04-04,1617508800
17115,2021-04-05,1617595200
18490,2021-04-06,1617681600
17523,2021-04-07,1617768000
18200,2021-04-08,1617854400
16809,2021-04-09,1617940800
16747,2021-04-10,1618027200
17795,2021-04-11,1618113600
17856,2021-04-12,1618200000
21536,2021-04-13,1618286400
26606,2021-04-14,1618372800
25913,2021-04-15,1618459200
28555,2021-04-16,1618545600
23061,2021-04-17,1618632000
25699,2021-04-18,1618718400
26883,2021-04-19,1618804800
22715,2021-04-20,1618891200
20134,2021-04-21,1618977600
21972,2021-04-22,1619064000
23793,2021-04-23,1619150400
19143,2021-04-24,1619236800
17602,2021-04-25,1619323200
21080,2021-04-26,1619409600
26810,2021-04-27,1619496000
35977,2021-04-28,1619582400
24749,2021-04-29,1619668800
23919,2021-04-30,1619755200
19479,2021-05-01,1619841600
21091,2021-05-02,1619928000
23562,2021-05-03,1620014400
23263,2021-05-04,1620100800
25216,2021-05-05,1620187200
26150,2021-05-06,1620273600
25336,2021-05-07,1620360000
26560,2021-05-08,1620446400
29371,2021-05-09,1620532800
30031,2021-05-10,1620619200
26221,2021-05-11,1620705600
26433,2021-05-12,1620792000
65747,2021-05-13,1620878400
41881,2021-05-14,1620964800
31574,2021-05-15,1621051200
30452,2021-05-16,1621137600
33905,2021-05-17,1621224000
28420,2021-05-18,1621310400
49417,2021-05-19,1621396800
46983,2021-05-20,1621483200
38338,2021-05-21,1621569600
39086,2021-05-22,1621656000
37121,2021-05-23,1621742400
35684,2021-05-24,1621828800
44389,2021-05-25,1621915200
31411,2021-05-26,1622001600
24677,2021-05-27,1622088000
27965,2021-05-28,1622174400
33564,2021-05-29,1622260800
26695,2021-05-30,1622347200
20416,2021-05-31,1622433600
16753,2021-06-01,1622520000
16987,2021-06-02,1622606400
17970,2021-06-03,1622692800
22407,2021-06-04,1622779200
20861,2021-06-05,1622865600
21584,2021-06-06,1622952000
22096,2021-06-07,1623038400
32478,2021-06-08,1623124800
31028,2021-06-09,1623211200
33310,2021-06-10,1623297600
26814,2021-06-11,1623384000
22460,2021-06-12,1623470400
23369,2021-06-13,1623556800
24607,2021-06-14,1623643200
22930,2021-06-15,1623729600
21381,2021-06-16,1623816000
18866,2021-06-17,1623902400
18044,2021-06-18,1623988800
15534,2021-06-19,1624075200
15696,2021-06-20,1624161600
19225,2021-06-21,1624248000
21093,2021-06-22,1624334400
17439,2021-06-23,1624420800
16491,2021-06-24,1624507200
15563,2021-06-25,1624593600
13971,2021-06-26,1624680000
14065,2021-06-27,1624766400
14025,2021-06-28,1624852800
13393,2021-06-29,1624939200
13985,2021-06-30,1625025600
17427,2021-07-01,1625112000
14570,2021-07-02,1625198400
12428,2021-07-03,1625284800
12984,2021-07-04,1625371200
12792,2021-07-05,1625457600
13659,2021-07-06,1625544000
11663,2021-07-07,1625630400
12031,2021-07-08,1625716800
13122,2021-07-09,1625803200
13137,2021-07-10,1625889600
15438,2021-07-11,1625976000
15111,2021-07-12,1626062400
16207,2021-07-13,1626148800
13882,2021-07-14,1626235200
12224,2021-07-15,1626321600
11291,2021-07-16,1626408000
10517,2021-07-17,1626494400
11145,2021-07-18,1626580800
11809,2021-07-19,1626667200
13761,2021-07-20,1626753600
12930,2021-07-21,1626840000
12792,2021-07-22,1626926400
12208,2021-07-23,1627012800
11339,2021-07-24,1627099200
12351,2021-07-25,1627185600
15980,2021-07-26,1627272000
13678,2021-07-27,1627358400
13036,2021-07-28,1627444800
15261,2021-07-29,1627531200
18105,2021-07-30,1627617600
14330,2021-07-31,1627704000
14443,2021-08-01,1627790400
16771,2021-08-02,1627876800
19237,2021-08-03,1627963200
14674,2021-08-04,1628049600
12729,2021-08-05,1628136000
10408,2021-08-06,1628222400
11316,2021-08-07,1628308800
10837,2021-08-08,1628395200
12839,2021-08-09,1628481600
13443,2021-08-10,1628568000
13875,2021-08-11,1628654400
14250,2021-08-12,1628740800
13938,2021-08-13,1628827200
13242,2021-08-14,1628913600
12934,2021-08-15,1629000000
16075,2021-08-16,1629086400
15106,2021-08-17,1629172800
13752,2021-08-18,1629259200
15224,2021-08-19,1629345600
13048,2021-08-20,1629432000
12848,2021-08-21,1629518400
13005,2021-08-22,1629604800
15560,2021-08-23,1629691200
15378,2021-08-24,1629777600
15017,2021-08-25,1629864000
13223,2021-08-26,1629950400
12868,2021-08-27,1630036800
11938,2021-08-28,1630123200
12228,2021-08-29,1630209600
12294,2021-08-30,1630296000
12656,2021-08-31,1630382400
12065,2021-09-01,1630468800
13739,2021-09-02,1630555200
14697,2021-09-03,1630641600
13363,2021-09-04,1630728000
14940,2021-09-05,1630814400
16084,2021-09-06,1630900800
23764,2021-09-07,1630987200
22892,2021-09-08,1631073600
22085,2021-09-09,1631160000
17751,2021-09-10,1631246400
14135,2021-09-11,1631332800
16057,2021-09-12,1631419200
15776,2021-09-13,1631505600
15838,2021-09-14,1631592000
16455,2021-09-15,1631678400
17118,2021-09-16,1631764800
17401,2021-09-17,1631851200
18881,2021-09-18,1631937600
18110,2021-09-19,1632024000
19861,2021-09-20,1632110400
23228,2021-09-21,1632196800
19641,2021-09-22,1632283200
24334,2021-09-23,1632369600
43701,2021-09-24,1632456000
42395,2021-09-25,1632542400
43800,2021-09-26,1632628800
38900,2021-09-27,1632715200
44167,2021-09-28,1632801600
25438,2021-09-29,1632888000
21889,2021-09-30,1632974400
22231,2021-10-01,1633060800
23007,2021-10-02,1633147200
24714,2021-10-03,1633233600
25439,2021-10-04,1633320000
27308,2021-10-05,1633406400
28876,2021-10-06,1633492800
26305,2021-10-07,1633579200
26075,2021-10-08,1633665600
24629,2021-10-09,1633752000
25838,2021-10-10,1633838400
26703,2021-10-11,1633924800
27566,2021-10-12,1634011200
29019,2021-10-13,1634097600
25417,2021-10-14,1634184000
27769,2021-10-15,1634270400
27268,2021-10-16,1634356800
26408,2021-10-17,1634443200
27673,2021-10-18,1634529600
26630,2021-10-19,1634616000
30715,2021-10-20,1634702400
28909,2021-10-21,1634788800
26302,2021-10-22,1634875200
26321,2021-10-23,1634961600
29205,2021-10-24,1635048000
27091,2021-10-25,1635134400
29313,2021-10-26,1635220800
29074,2021-10-27,1635307200
32574,2021-10-28,1635393600
30540,2021-10-29,1635480000
30346,2021-10-30,1635566400
26461,2021-10-31,1635652800
27590,2021-11-01,1635739200
33293,2021-11-02,1635825600
26595,2021-11-03,1635912000
24386,2021-11-04,1635998400
24447,2021-11-05,1636084800
24262,2021-11-06,1636171200
24163,2021-11-07,1636257600
27052,2021-11-08,1636347600
30745,2021-11-09,1636434000
29603,2021-11-10,1636520400
29289,2021-11-11,1636606800
27681,2021-11-12,1636693200
26783,2021-11-13,1636779600
27227,2021-11-14,1636866000
30631,2021-11-15,1636952400
28009,2021-11-16,1637038800
30722,2021-11-17,1637125200
30353,2021-11-18,1637211600
27860,2021-11-19,1637298000
25552,2021-11-20,1637384400
25417,2021-11-21,1637470800
28828,2021-11-22,1637557200
37286,2021-11-23,1637643600
32230,2021-11-24,1637730000
25993,2021-11-25,1637816400
25674,2021-11-26,1637902800
25639,2021-11-27,1637989200
22915,2021-11-28,1638075600
25530,2021-11-29,1638162000
27251,2021-11-30,1638248400
24120,2021-12-01,1638334800
24951,2021-12-02,1638421200
24913,2021-12-03,1638507600
28261,2021-12-04,1638594000
25856,2021-12-05,1638680400
27010,2021-12-06,1638766800
28148,2021-12-07,1638853200
26505,2021-12-08,1638939600
24600,2021-12-09,1639026000
29685,2021-12-10,1639112400
